category,Played Time
Sur le boulevard du rythm'funky,18134
Superstar (feat. Matthew Santos),289000
Partyman,191560
Right Here Right Now,387706
The Dream Shatterer - Capital Punishment Mix,7529
Shook Ones Pt. II,185968
Biden strikes infrastructure deal Bitcoin’s plunge,583215
Up,156944
What’s Next,178153
Show Stop,179233
Grey Area,171837
FRANCHISE (feat. Young Thug & M.I.A.),202794
Show Out (with Skepta & Pop Smoke),174960
Need It,195680
Don't Rush (feat. DaBaby),201960
LEMONHEAD (feat. 42 Dugg),130980
Spicy (feat. Post Malone),143375
POPSTAR (feat. Drake),200221
Moonwalking in Calabasas (feat. Blueface) - Remix,170232
Runnin,30664
D'Evils,0
MANIFESTO (feat. Domo Genesis),65758
makeitliveforever,0
Yesterday,0
Mine,20224
Carefree,132028
SIR BAUDELAIRE (feat. DJ Drama),88624
CORSO,146481
LEMONHEAD (feat. 42 Dugg),130980
WUSYANAME (feat. Youngboy Never Broke Again & Ty Dolla $ign),121572
LUMBERJACK,138312
HOT WIND BLOWS (feat. Lil Wayne),155292
MASSA,223718
RUNITUP (feat. Teezo Touchdown),229564
MANIFESTO (feat. Domo Genesis),175122
SWEET / I THOUGHT YOU WANTED TO DANCE (feat. Brent Faiyaz & Fana Hues),588139
MOMMA TALK,70926
RISE! (feat. DAISY WORLD),203588
BLESSED,57667
JUGGERNAUT (feat. Lil Uzi Vert & Pharrell Williams),146419
WILSHIRE,515865
SAFARI,101704
SAFARI,120325
SAFARI,40820
SIR BAUDELAIRE (feat. DJ Drama),88624
CORSO,146481
LEMONHEAD (feat. 42 Dugg),130980
WUSYANAME (feat. Youngboy Never Broke Again & Ty Dolla $ign),208228
LUMBERJACK,138312
HOT WIND BLOWS (feat. Lil Wayne),155292
MASSA,223718
RUNITUP (feat. Teezo Touchdown),229564
MANIFESTO (feat. Domo Genesis),175122
SWEET / I THOUGHT YOU WANTED TO DANCE (feat. Brent Faiyaz & Fana Hues),176183
The Amazon wage effect,555490
SWEET / I THOUGHT YOU WANTED TO DANCE (feat. Brent Faiyaz & Fana Hues),456751
MOMMA TALK,70926
RISE! (feat. DAISY WORLD),203588
BLESSED,57667
JUGGERNAUT (feat. Lil Uzi Vert & Pharrell Williams),146419
WILSHIRE,515865
EARFQUAKE,13034
SAFARI,177742
all of your love,123251
JEWELZ,174213
Under The Sun (with J. Cole & Lute feat. DaBaby),202040
Ego Death (feat. Kanye West FKA twigs & Skrillex),231618
Follow God,104591
4 Thangs (feat. Big Sean & Hit-Boy),104911
Tyler Herro,156497
Solid (feat. Drake),215693
Laugh Now Cry Later (feat. Lil Durk),261492
Gorgeous,151948
The frontrunner to replace Angela Merkel talks the CDU and Germany’s economy,691997
MOST,213344
American Hypnosis (feat. Akenya),78100
You know who kinda crushed Covid?,1574623
The Kardashi-end,81806
Up,6965
Spicy (feat. Post Malone),143375
Show Stop,179233
Show Out (with Skepta & Pop Smoke),46052
FWMGAB,1532
FRANCHISE (feat. Young Thug & M.I.A.),53684
Little While (feat. Big Sean & Hit-Boy),219192
What’s Next,178153
Up,145186
Need It,195680
Grey Area,35554
Change Tommorrow,180720
Lifes Been Good,275667
Inside the secretive private equity firm behind the £6.8bn Asda buyout,604810
Cartoon,169157
Cartoon,28212
Cartoon,22012
Viva la Vida,81142
Elevator - Remastered,181395
So They Say,115650
Jazzy's Joint,39950
Bopatron,180707
Do the Right Thing,96358
Hello,117023
The Sun & the Moon,88700
Only Way 2 Go (Instrumental),138735
poopoop,89722
Fainting Of Rejection,80441
Viva la Vida,81142
Sea Ridge,122644
Education,259999
Origami,109250
Its Rainy,119072
Superhero,154004
Love Letter,92794
Origami,109428
Elevator - Remastered,181500
So They Say,115650
Oak,167354
Crooklyn,95868
Newjerseydrive,122727
White Tea,83678
Dilladong,126928
Think Twice - DJ Muro's KG Mix,213877
Jazzy's Joint,129034
Do the Right Thing,97527
Meditations on Guitar,89739
White Tea,72513
Caffeine,76046
Sometimes - Remix Instrumental,210054
Come Back to You,133661
Camberwell,108043
Favorite Sause,90933
Fanatic - Instrumental,173384
Singing sad,157870
DT pt.3,155799
Camberwell,107940
Newjerseydrive,122712
Warmer Together,125364
Elevator - Remastered,181481
Caffeine,76030
Meditations on Guitar,89754
Fall In Love - Instrumental,178204
What It Used To Be,138321
Sewin' Love - Instrumental,161752
Oak,167209
Ol' Chip,56653
Black Tea,153574
Love Letter,92894
Mixed Emotions,12620
Superhero,157160
Carpet,127956
Libration,174924
Once Again - Instrumental,109086
Notes,147435
Umlati,94962
Yesterday,58844
Nightwatch,130608
Abstract Poetic,37964
Abstract Poetic,50568
Ghettos Worldwide,140455
The Hills,106863
Origami,66707
Origami,27051
Origami,27875
Next to Nothing - Instrumental,110500
DT pt.3,173615
Ol' Chip,77406
Ocean Waves,169090
SERENADE,110324
Come Back to You,140694
One For,138092
Pack It,136601
Mental Acupuncture,129380
Its Rainy,37806
Wading In Waist-High Water,135013
I'm Not My Season,191400
Sunblind,253613
For A Week Or Two,131506
Maestranza,183373
A Long Way Past The Past,239666
Young Man's Game,191680
Quiet Air / Gioia,267760
Shore,11761
Shore,248176
Can I Believe You,90729
London,4614
Medellin,374973
La Havane,185666
San Francisco,175474
Carthage,162226
Madagascar,138613
Nara,131920
London,157160
Alaska,239986
Nagasaki,186680
Ocean,87457
Refazenda,8008
Toda Menina Baiana,226640
Essa Moca Ta Diferente,0
Essa Moça Tá Diferente,163793
Águas De Março,209258
Chega De Saudade,121573
Se Todos Fossem Iguais a Voce,8428
Sozinho - Ao Vivo,0
Sozinho - Ao Vivo,78506
Sozinho - Ao Vivo,112021
Beleza Pura,95575
Corcovado,228252
Inútil Paisagem,186059
Por Toda A Minha Vida (Exaltação Ao Amor),25495
Construção,0
Águas De Março,0
Construção,383626
Blues Pra Bia,0
Saudade Da Bahia - Original Mix,15333
Pais Tropical,12213
Pais Tropical,0
Samba Da Minha Terra - Original Mix,141133
País Tropical / Música Incidental: Sou Flamengo - Ao Vivo,5038
País Tropical / Música Incidental: Sou Flamengo - Ao Vivo,212346
Felicidade,102794
Mas Que Nada / De Manhã - Medley,179506
Por Enquanto - Ao Vivo,12509
Samba De Verao,181672
Esperando na janela,135418
A Felicidade - Ao Vivo,191796
Manhã De Carnaval (Solo Guitar Version #1),132534
O Nosso Amor - (Trombone Instrumental Version),3638
Manhã De Carnaval Orfeu (Solo Guitar Version #2),3390
Manhã De Carnaval Euridice,112175
Pontos De Macumba,0
Frevo De Orfeu,0
A Felicidade (Vocal Version),114915
Mademoiselle A,109273
La carioca,203290
Jardin d'hiver,168000
S3NS - Duo Version,11354
S3NS - Duo Version,22500
Amor Tumbado,213971
Una Rosa Blanca,30255
True Sorry,113290
InPressi,890
Nomade Slang,364509
Busy,72794
Bonheur,202686
Come prima,76788
Bambino,156618
Bambino,182789
Akaline Akaline,11726
Mogoya,139
Gang Signs (feat. ScHoolboy Q),6501
Gang Signs (feat. ScHoolboy Q),905
Arrabi al Arabe,12144
Look Over Your Shoulder (feat. Kendrick Lamar),1602
Penda Djiga,2577
Let It Go,223641
No Más!,186000
Keep It Moving,178532
For Real (feat. Kemba),185306
Sprague Street,257832
LUMBERJACK,138312
Look Over Your Shoulder (feat. Kendrick Lamar),248810
Latin Grammys,119543
How English Channel ports avoided a Brexit meltdown,571756
What the Apple Daily closure means for the free press in Hong Kong,27631
What the Apple Daily closure means for the free press in Hong Kong,664699
Introducing Tech Tonic: Trust me I’m a robot,1476899
China’s widening tech crackdown,535472
What did Didi’s bankers know before the IPO?,535994
Latin Grammys,169813
For Real (feat. Kemba),185306
Let It Go,223641
Sprague Street,257832
Gang Signs (feat. ScHoolboy Q),57370
True Sorry - Duo Version,246479
True Sorry - Duo Version,2513
Election Night - Duo Version,172000
Red Rose - Duo Version,201000
Surprises - Duo Version,4235
True Sorry - Duo Version,9729
Free Spirit - Duo Version,262000
Beirut - Duo Version,277000
Happy Face - Duo Version,247000
Hashish - Duo Version,157000
Défilé 1962 - Duo Version,234000
Harlem - Duo Version,272000
Red & Black Light - Duo Version,192000
Kalthoum (Movement I) - Duo Version,218000
Esse Emme - Duo Version,196000
S3NS - Duo Version,268377
S3NS - Duo Version,12641
Celle que vous croyez - Duo Version,220000
InPressi - Duo Version,228000
Diaspora - Duo Version,174000
Les Quais - Duo Version,186000
Will Soon Be a Woman - Duo Version,189000
Essentielles - Duo Version,38368
South Africa’s pivotal moment,1272961
S3NS - Duo Version,281000
Celle que vous croyez - Duo Version,220000
InPressi - Duo Version,228000
Diaspora - Duo Version,174000
Les Quais - Duo Version,135605
Will Soon Be a Woman - Duo Version,189000
Essentielles - Duo Version,128000
Radio Magallanes - Duo Version,335000
Maeva in Wonderland - Duo Version,275000
Surprises - Duo Version,195917
E83 - Property vs Stocks Part 4 | Final discussion,2465889
LOST (feat. Loyle Carner Kojey Radical & JNR Williams) - Single Mix,1787
Section (feat. Kehlani),219400
Type Of Day,187541
I Believed It (feat. Mac Miller),246609
Fontaine de jouvence,214653
1000 Nights (feat. Jorja Smith),64700
Ridin' Solo,23568
1000 Nights (feat. Jorja Smith),232500
Life is Like a Dice Game - Spotify Singles,284093
By Your Side (feat. Tom Grennan) - Oliver Heldens Remix,238064
Imagine [Feat. PJ],221318
Pues (with Luis Fonsi & Sean Paul) [All That MTRS Remix],150000
Nostalgia,147840
ARE YOU WITH THAT?,138410
Hal 2,250096
Imagine [Feat. PJ],47914
Akaline Akaline,133290
Penda Djiga,264845
Mogoya,48445
E83 - Property vs Stocks Part 4 | Final discussion,1124675
A wave of private equity buyouts in the UK prompts concern,596232
A wave of private equity buyouts in the UK prompts concern,16857
Martin Wolf's summer reading list,675027
Akaline Akaline,166592
Penda Djiga,264845
Mogoya,194046
Arrabi al Arabe,252004
How Dare You,196638
Chismiten,91722
Mariana,275853
Malemolencia,174653
Não Enche,208933
A Doida,184626
Burguesinha,258186
How Can You Mend a Broken Heart,1068
Fresh,46
Really Love,0
Divina Comédia Humana,189805
Like Sugar,0
Easy,0
I Love Music,0
Together Again,2995
Pusherman,139
Outstanding - Original 12" Mix,69
Raspberry Beret,215173
Brown Sugar,262893
Move on Up,165789
Soup for One,235028
Longtime (feat. Skepta),0
Reckless,233160
Ginger (feat. Burna Boy),196146
Longtime (feat. Skepta),239893
Mighty Wine,217813
Blessed (feat. Damian Marley),181499
EU’s Andreas Schwab responds to White House criticism of EU tech regulation,578730
Blessed (feat. Damian Marley),262973
Smile (feat. H.E.R.),251853
Piece of Me (feat. Ella Mai),94999
Piece of Me (feat. Ella Mai),200437
No Stress,202640
True Love (feat. Tay Iwar & Projexx),247333
Sweet One,250720
Essence (feat. Tems),248040
Roma (feat. Terri),179920
Gyrate,193720
Grace,203026
Piece of Me (feat. Ella Mai),196560
Real Life (feat. Stormzy),197933
PAMI (feat. Wizkid Adekunle Gold & Omah Lay),213599
Soapy,159613
The European Central Bank focuses on climate change,608223
Obrigado,139013
Cookie Chips,259906
Mirrors,42333
Cookie Chips - Interlude,40305
The Debate Over Critical Race Theory,1900994
Parking Lot,2600
Best Rapper in the Fuckin World,148123
Dapper (feat. Anderson .Paak),193093
SULA (Paperback),255906
White Walls,145373
Quick - KMB Remix,185813
Bring it on Home to Me (feat. Charlie Bereal),201600
Cause & Effect,148584
Droogs,90699
The index of everything,622616
Clash (feat. Stormzy),250673
Mercury,12353
What’s happening in Haiti,1611899
What’s happening in Haiti,33529
Postcards from pandemic purgatory,24404
Clash (feat. Stormzy),250673
Mercury,29021
Mercury,293851
Big Conspiracy (feat. iceè tgm),218680
Peligro,109181
Drama,113545
The Jackie (with J. Cole & Lil Tjay),41819
Ogre,204906
Ennemi public,162733
Scrutum,240440
Langouste,178986
Numéro de série,213026
Pas de vacances,171000
Que du buzz,263480
Uranus,183520
Diana Ross,202506
Fontaine de jouvence,214653
Lunettes Cartier,180706
Belles,204840
Oh zut,215213
Dilemme,167200
Essouflé,216426
Crânes & Ossements (feat. Nahir Diddi Trix Kvly & Ouss Wayne),22175
Artist Damien Hirst issues his own ‘Currency’,512797
Histoires de couples séparés,42051
Achieving Your Positive Mindset | Defeat the Negative way of thinking!,773410
What you can accomplish with a Positive Mindset that won't quit! ,210337
Lakers,167759
Galipette,123378
Bad Habits - Acoustic Version,27404
MOVIN',153028
Hallyday,3632
The Lone Star strategy,1224321
Belles,204840
Oh zut,215213
Dilemme,32108
Oh zut,1300
Belles,31040
Shap shap,4365
Je vous dis merci,269320
VI République,129760
Clic clac bang bang,160143
Ce soir je sors,278880
Les belles histoires,236266
Oui ou non,249053
Bonne bonne,171253
Elles ont trop joué avec mon coeur,223453
Sur la file de gauche,58544
Pilita Clark’s picks for summer reading about the environment,614353
Sur la file de gauche,198753
Shap shap,89267
Abekho Ready - Maplankeng Reshuffle,486427
GUPTA,369475
Banyana,411428
Possible,410066
Mthande,377935
Gibela,359397
Qoqoqo,392748
Isingisi,387751
Khuza Gogo,380500
Umsebenzi Wethu,381086
Wamuhle,439868
Woza,391186
Nkulunkulu,94968
Ogre,204906
Ennemi public,162733
Scrutum,240440
Langouste,178986
Numéro de série,213026
Pas de vacances,171000
Que du buzz,65186
Carefree,190116
Rider,165186
Kiss U Right Now,194776
Lose My Cool,214578
The Worst In Me,226720
D'Evils,171818
Need It,137706
PURPLE TUESDAY (feat. Joey Bada$$ & Jesse Boykins III),290333
Smile,218050
Eternal Light,193740
Borderline,255239
Self,94932
Another Lover,13183
PURPLE TUESDAY (feat. Joey Bada$$ & Jesse Boykins III),1532
Make You Feel Good,2809
The search for a Covid supershot,609964
10%,186680
Fall In Love,153851
Cleantech Startups Attract Fresh Wave of Cash,823524
Chip Shortage Prompts Fake Parts From Scammers,1418
Essence (feat. Tems),248040
Wonderful,213373
CHOP N PRAY,179080
PAMI (feat. Wizkid Adekunle Gold & Omah Lay),213599
Famous,204300
Pana,242893
Tungba,188421
Blessed,76668
US businesses in Hong Kong between a rock and a hard place,523847
Wonderful,3274
,905
Essence (feat. Tems),4156
Fall,240000
Outta Space,164250
Kilometre,152824
Santorini Coffee,49370
Hot infrastructure summer,1538495
John Wick,112681
Make You Feel Good,182717
Nakamura - Bonus track,173564
Catching Feelings (feat. Phony Ppl),119621
Catching Feelings (feat. Phony Ppl),112451
Motley Crew,184213
Clash (feat. Stormzy),251733
Sans moi,29679
Pololo,195026
Sans moi,3041
Stay High - Childish Gambino Version,218400
47.48,360933
TEMPTATION,244197
Kool Aid & Frozen Pizza,157540
Headshots (4r Da Locals),193216
King's Dead (with Kendrick Lamar Future & James Blake),229670
Bonfire,192946
Love Is Only a Feeling,39278
Netflix gambles on gaming and podcasting,610406
You Can’t Always Get What you Quant,419050
ホログラム (第15〜26話OP),28690
嘘,205533
ドラマ,7496
You Can’t Always Get What you Quant,1345724
Gamechanger,1720084
Season 2 coming soon,78001
Levelling the playing field,112326
Trust me I’m a robot,70997
Why we can’t have nice trains,1691456
Saba talks (pt.2): Falling In Love Embracing My Heritage & Making An Impact In Iran,0
Saba talks (pt.1): Falling In Love Embracing My Heritage & Making An Impact In Iran,2393640
The digital graduate,63737
Make You Feel Good,719
Saba talks (pt.2): Falling In Love Embracing My Heritage & Making An Impact In Iran,1856597
Nakamura - Bonus track,6130
Catching Feelings (feat. Phony Ppl),232159
Motley Crew,184213
Clash (feat. Stormzy),243443
Clash (feat. Stormzy),8274
Pololo,33462
Hot Summer,212946
Wishing Well,210466
Love Love Love,202066
Kiss,226240
Ladies Night - Single Version,43782
Let's Get Down,299506
Hot Summer,109783
Let's Get Down,69102
Lady,346266
Jealous Guy,25286
Back Stabbers,76532
Can You Stand The Rain,4783
Burn Rubber On Me (Why You Wanna Hurt Me),63413
Bad Case Of Loving You (Doctor Doctor),14558
Brown Sugar,2995
Love T.K.O.,9125
Love Rollercoaster,183159
Strawberry Letter 23,299066
Outstanding - Original 12" Mix,375400
Got 'Til It's Gone,241760
Send It On,356493
Give Up The Funk (Tear The Roof Off The Sucker),232649
Wishing Well,29296
Cool It Now,347666
Working My Way Back to You,45882
Every Little Step,26284
Cruisin',3343
Can You Get to That,4945
I Like It,279400
Yearning For Your Love,4080
Candy,2670
Vacation,185
Vacation,60000
Vacation,96631
Candy,339933
Untitled (How Does It Feel),7770
The Rubberband Man,213000
Welcome 2 America,246135
Welcome 2 America,789
Time Will Reveal,5990
Sumthin' Sumthin' - Remastered 2021,94458
Love U 4 Life,15325
A Song for You,62252
Purple Rain,520786
Now That We Found Love,281200
Thank You (Falettinme Be Mice Elf Agin) - Single Version,124302
Forget Me Nots - Remastered,284506
Unshaken,233197
Kiss,226240
Cry For You,300906
Sign Your Name,276533
The Ghetto,178145
US housing prices spark officials’ concern,600125
Our No. 2 problem,1501689
Now Or Never,53963
Appletree,265373
Til I Met Thee,209624
Barely In Love,243306
Let's Take a Walk,6362
Another Life,5204
Adoration of the Magi (feat. Crystal "Røvél" Torres),153739
Get Involved,194693
My Path,19706
Gettin Up,197680
Ascension (Don't Ever Wonder) - Remastered 2021,72810
Say It Again,194333
Moving,315608
No Lies,128780
New Phone Who Dis? (Remix),230957
Dirty Cutlass,176500
Marvin's Mood,439651
Human By Definition + Plastic Fruit,205875
Time,152727
Selfish,136680
Another You (feat. Kanye West),262986
Nightmares (feat. Bilal & Pharrell Williams),68413
Human infrastructure,879548
Human infrastructure,600885
How Does TikTok's Algorithm Know You So Well?,756546
Netflix Wants to Play in the Gaming Industry,33246
Does Gallium Spell the End of Silicon?,582858
How Does TikTok's Algorithm Know You So Well?,1729
Show bizness,302106
Le ghetto français,377826
Un nuage de fumée,71904
Infrastructure Pete,1121627
Le combat continue,364520
Ghettolude I,40200
Je dois faire du cash,98200
Haru,128896
Lay Low,155006
Breeze,94811
Slurping Ramen in Tokyo,108649
Mandarin Duck,63637
Wine,124245
BoatHouse Diddly,109949
Yanagi,121364
No Sleep,152929
B U M M E R,147539
Cetus,117424
Black Tea,153514
Wanderlust,109464
Pico,70796
Palma,115864
Candyland,115908
Stubborn,73450
Purple & Yellow,115787
Long Way Home,72557
cayenne,88445
Bubbly,155100
Cherry Tomatoes,132801
Holken,97648
Sofa,60774
Awakening,136445
Palm Trees,77007
Endless,116631
Witchcraft,105694
More Time,196707
Walking Bee,57850
so what so long,78654
Waking Up,92808
Mountain View - FloFilz Remix,102790
Jazzitorium,84890
Squid,35324
Comme personne ne l'a...,262560
Le ghetto français,252876
Le ghetto français,124955
Ghettolude II (Histoire vraie),48533
Show bizness,302106
Uniquement pour les miens,136505
Le ghetto - Remix,325320
Ghettolude III (Fidèle au hip hop),51200
O'riginal MC's,325626
Mauvais garçons - Bonus,305063
La voie que j'ai donné à ma vie - Bonus,366680
Une Vie De Malheur,296160
La loi du point final - Remasterisé,212506
Si tu kiffes pas...,270373
Marquises,203384
Avoir de l'argent,80710
The stock winners and losers half way through the year,629669
Can Camp Help Kids Break Their Tech Habit?,634998
Netflix Wants to Play in the Gaming Industry,531266
Can Camp Help Kids Break Their Tech Habit?,103392
Over The Top (feat. Drake),153406
Drops,186566
YYZ-LAX,111571
Clicquot,154730
Fast Life,116679
Una Rosa Blanca,338000
Happy Face,230000
S3NS,299000
Harlem,237000
Na Na Na,213000
N.E.G.U,357000
Gebrayel,258000
All I Can't Say,242000
Radio Magallanes,583000
Histoire d'amour,5100
True Sorry - Duo Version,249000
Beirut - Duo Version,17800
Free Spirit - Duo Version,262000
I Don’t Think I Can Do This Again (with Clairo),222773
Spectrum,191093
PURPLE TUESDAY (feat. Joey Bada$$ & Jesse Boykins III),290333
HIT EM WHERE IT HURTS,165499
Doorman,184201
Girls Need Love (with Drake) - Remix,222374
Best Rapper in the Fuckin World,148123
Bring it on Home to Me (feat. Charlie Bereal),201600
Complicated,213906
Sea Ridge,141473
Want U Around (feat. Ruel),247720
Need It,137706
I Believed It (feat. Mac Miller),16737
The $30bn insurance broker deal that never came to be,582373
The stock winners and losers half way through the year,33286
I Believed It (feat. Mac Miller),229844
Lakers,167759
White Walls,48503
Firefly,228000
Investors are spooked by China’s regulatory crackdowns,667330
Shuwel talks: Leveraging My Biggest Failure & Family Story To Fuel My Curiosity To Grow,4330475
Saba talks (pt.2): Falling In Love Embracing My Heritage & Making An Impact In Iran,4050
Louie Bag (feat. Smino),227756
When I'm in Your Arms,335310
Distance,189100
Fed signals taper decision closer India’s tech IPO boom,586724
The Covid Olympics,1130579
Hot Summer,212946
Let's Go Crazy - 2015 Paisley Park Remaster,240015
1999,379266
Born 2 Die,303160
When Doves Cry - 2015 Paisley Park Remaster,318282
Amazon misses revenue targets in latest quarter,697614
Biden Seeks New Cybersecurity Standards for Critical Infrastructure,741134
Surfing's Next Sea Change - Using Data to Improve the Ride,380307
Self: Love,373466
Enjoy the Ride,233736
Bounce - A COLORS SHOW,149464
Standout,175227
Rice & P’s - A COLORS SHOW,172041
Sheriff,183335
Phone Won't Charge,208960
DOMINICANA,196795
Arise,174500
Day & Night,216149
Down,124878
Laid Back,199640
Come on Baby,184718
HIT EM WHERE IT HURTS,165499
It's My Time,339840
Solitude,172060
Get Involved,194693
Ziplock,86217
Ziplock,112762
Footsteps in the Dark Pts. 1 & 2,317992
We Do It (Jazz Spastiks Remix),187941
Marvin's Mood,439651
Cherries,183769
Good & Plenty,204705
Wadada Lasts,210756
Count My Blessings,185620
Classic,216296
I Wish,31700
Noir ou blanc,179173
I Wish,225511
Nightmares (feat. Bilal & Pharrell Williams),290280
Tony Sendo,230739
Self: Love,373466
Enjoy the Ride,233736
Bounce - A COLORS SHOW,149464
Rice & P’s - A COLORS SHOW,18681
Standout,175227
Way Up,80341
Alcoholics,176128
Jazz Street Cafe,15168
Creme De La Creme,135077
Breaking News,121535
Coffee in the Morning,55347
Chase It,185160
Flowers & Superpowers,165160
Questions,207293
Viva la Vida,95000
Turning My Head,401062
Wading In Waist-High Water,21582
Wading In Waist-High Water,112229
Make Out in My Car - James Blake Version,255173
LAX,225665
What Am I to Do?,244733
Lost in Paris,194023
Rising,164200
Lights Up (feat. Channel Tres),191537
Self: Love,3975
Self: Love,209420
How climate change is steering the future of food,643070
The spike in gun violence (Part I),0
The Capitol police speak,1362189
The spike in gun violence (Part I),1642918
The spike in gun violence (Part II),60000
The spike in gun violence (Part II),1449818
MANIFESTO (feat. Domo Genesis),175122
Travellin' Man,1124
Travellin' Man,2480
Travellin' Man,196000
4 Thangs (feat. Big Sean & Hit-Boy),736
Focus,181998
Conceited Bastard,204000
Homies & Thugs - (Instrumental),56000
Perfect World,156000
Outside My Life,156000
Tai Chi - Instrumental,70000
Shame,212000
Above The Clouds,164000
Spit - (Instrumental),50000
Travellin' Man,196000
No Feelings,156000
Raze it Up - (Instrumental),52000
Dignified Soldiers,190000
At The Helm,228000
L'chemy,164000
Never Again - (Instrumental),62000
Stop Being Greedy,188000
See You When I see You,122000
Po Hustlin',166000
C Walk - (Instrumental),76000
Summer Dayz,1091
Summer Dayz,186914
Time,10186
Optimism soars on the airline industry’s recovery,610992
Focus,0
Conceited Bastard,204000
Homies & Thugs - (Instrumental),9205
4K,156288
All My Life - From "City Of Ali",152727
Loes n Hies,157090
Moonwalk,166457
Medic,228085
94 Camry Music,221000
Out The Window,232600
brokeaf.,192000
Best Friend,229714
Bounty,226292
Rap City,31536
Yaya,199384
PepsiCo’s juicy private equity deal,663327
Optimism soars on the airline industry’s recovery,29603
Why China’s youth ‘lie flat’ instead of enduring stress,620225
PepsiCo’s juicy private equity deal,11904
Why China’s youth ‘lie flat’ instead of enduring stress,920
Robinhood’s wild stock market debut,676336
Why China’s youth ‘lie flat’ instead of enduring stress,18113
The Provincetown cluster,1253224
The spike in gun violence (Part II),104730
Collect $5 billion. Do not pay taxes.,1817370
Above The Clouds,164000
Spit - (Instrumental),50000
Travellin' Man,196000
No Feelings,156000
The Provincetown cluster,117359
Raze it Up - (Instrumental),52000
Dignified Soldiers,190000
At The Helm,228000
L'chemy,164000
Never Again - (Instrumental),62000
Stop Being Greedy,188000
See You When I see You,122000
Po Hustlin',166000
C Walk - (Instrumental),76000
Summer Dayz,188000
See You When I see You,32790
Like it Like That,45814
Like it Like That,138000
One Life to Live,202000
Sincerely - Instrumental,70000
Lyrics,174000
Time,216000
Me & Jesus The Pimp... - Instrumental,72000
So Many Wayz,206000
Landmines,146000
Cash - Instrumental,66000
Ballin,190000
Los Angeles Dayz,182000
B.I.B.L.E. - Instrumental,74608
Independence Day,197187
Freestyle,237600
14 (feat. Potter Payper),132750
Mind (feat. Clavish),192000
Talk of the Town,214324
Bad Boy,120000
My Mother's Life,170128
Wandsworth to Bullingdon (feat. Headie One),78609
Lance E. Lee Podcast Episode #62 with Andy Morgan,525098
Lance E. Lee Podcast Episode #62 with Andy Morgan,2914356
We're All Alone,280005
Verdansk,182285
Clash (feat. Stormzy),251733
In The Fire,423909
Three Rivers,67855
Three Rivers,263184
System (feat. WizKid),181550
Lazarus (feat. Boj),204373
Law Of Attraction (feat. Snoh Aalegra),181676
Both Sides Of A Smile (feat. James Blake),358377
Lazarus (feat. Boj),0
Both Sides Of A Smile (feat. James Blake),766
System (feat. WizKid),0
Law Of Attraction (feat. Snoh Aalegra),0
Three Rivers,0
System (feat. WizKid),181550
Lazarus (feat. Boj),204373
Law Of Attraction (feat. Snoh Aalegra),181676
Both Sides Of A Smile (feat. James Blake),479897
Twenty To One,201345
Heart Attack,595759
Survivor's Guilt,340000
We're All Alone,10448
Ogre,204906
Ennemi public,162733
Scrutum,91232
Langouste,178986
Numéro de série,213026
Pas de vacances,171000
Que du buzz,263480
Uranus,149906
Skate,203122
ALL IN (Prod. GroovyRoom),95788
Shake It,142741
And Then Life Was Beautiful,31264
Can science link extreme weather to climate change?,503863
And Then Life Was Beautiful,203173
Too Sweet (O Dun),216842
Don't Be Afraid - Damian Lazarus Re-Shape,7114
Walk The Beat,175508
All My Life - From "City Of Ali",152727
Casbah,205500
Whenever You're Ready - Acoustic,214495
Nirvana,198496
The Dawntreader - Live at Le Hibou Coffee House Ottawa Ontario 3/19/1968,195144
Angles (feat. Chris Brown) - Club Mix,173052
High Horse (feat. BRELAND and Blanco Brown),152781
Go Away - Spotify Singles,155797
Move - Edit,69735
INDUSTRY BABY (feat. Jack Harlow),212000
DARKEST HOUR (feat. Poppy Ajudha & Daley),267306
BE MY LOVER,165618
Send My Love,140499
An MVP for the world,2141790
The Pressure,187175
Death Row East,200417
Death Row East,417
Death Row East,46
Death Row East,789
40 Side,156520
The Pressure,835
The Pressure,8823
The Pressure,905
The Pressure,882
The Pressure,1044
The Pressure,998
The Pressure,0
The Pressure,464
The Pressure,812
The Pressure,116
The Pressure,2763
The Pressure,975
The Pressure,789
The Pressure,766
The Pressure,952
The Pressure,928
The Pressure,255
The Pressure,1068
Death Row East,13722
Death Row East,417
Death Row East,2995
Store Run,0
An MVP for the world,835
No Phony Love (feat. Charlie Wilson),0
The Pressure,719
The Pressure,650
The Pressure,998
The Pressure,859
The Pressure,1996
The Pressure,278
The Pressure,185
The Pressure,928
The Pressure,905
The Pressure,16973
The Pressure,1160
The Pressure,1323
The Pressure,952
The Pressure,417
The Pressure,789
The Pressure,626
The Pressure,766
The Pressure,208
The Pressure,975
The Pressure,23
The Pressure,696
The Pressure,69
The Pressure,1811
The Pressure,2438
An MVP for the world,65782
Death Row East,200417
40 Side,4011
Who owns Amanda Knox?,59234
Ennemi public,38345
Ogre,204906
Over The Top (feat. Drake),26865
Moving Different,204000
Like Me,180102
Come Thru,177841
BELMONT BOYZ,145995
40 Side,160161
EPMD 2 (feat. Eminem & EPMD),214434
Rare,206777
YKTV (feat. A Boogie Wit da Hoodie & YG),203430
Store Run,199898
Moments,251801
Nobody (feat. Ms. Lauryn Hill),282192
No Phony Love (feat. Charlie Wilson),185530
Brunch on Sundays (feat. Blxst),231598
Count Me In,161376
US Senate on the cusp of approving Biden’s $1tn infrastructure package,532781
Law Of Attraction (feat. Snoh Aalegra),181676
Follow The Leader - Acoustic,197298
Blessed (feat. Damian Marley),262973
Fall,240000
KANA,207378
Na Today,150517
Portion,192835
Wake Up,181823
Too Sweet (O Dun),216842
We're All Alone,280005
My Mother's Life,170128
Juste une fois (feat. M. Pokora),196720
1985,170501
If I Gotta Go,122307
TWIST & TURN (feat. Drake & PARTYNEXTDOOR),259651
Merci Beaucoup,175774
Something Like This,236288
Fuego,244285
Coming,108789
It Runs Through Me,1416
Were the Olympics worth it?,1391827
Buddy,4829
It Runs Through Me,261881
Superfast Jellyfish (feat. Gruff Rhys and De La Soul),174866
Momentz (feat. De La Soul),196906
Rock Co.Kane Flow (feat. MF Doom),184114
Clash (feat. Stormzy),251733
Real Life (feat. Stormzy),197933
Do Better,249346
One Take Freestyle,169680
Own It (feat. Ed Sheeran & Burna Boy),8111
Rachael's Little Brother,337800
Look Like (feat. JMC Jadakiss & Stormzy),230816
Real Life (feat. Stormzy),417
Know Me From,0
Look Like (feat. JMC Jadakiss & Stormzy),1462
Clash (feat. Stormzy),32391
One Take Freestyle,510
Lessons,0
Rachael's Little Brother,580
Own It (feat. Ed Sheeran & Burna Boy),1021
Do Better,580
Know Me From,193714
Lessons,187933
Return Of The Rucksack,184397
Jupa,232855
Handsome,108949
Philip Morris battles to buy a medical inhaler company,620605
Count Me In,197984
Composure (feat. Hit-Boy),203707
My Bible,228015
Nas is Good,139301
Scatter Brain (feat. Ludacris & JID),178027
Drugs N Hella Melodies (feat. Kali Uchis),198775
Hats Off (feat. Travis Scott),257428
His & Hers (feat. Don Toliver Lil Uzi Vert & Gunna),224042
What You Need,217609
Drugs N Hella Melodies (feat. Kali Uchis),198775
Hats Off (feat. Travis Scott),257428
His & Hers (feat. Don Toliver Lil Uzi Vert & Gunna),60415
What You Need,217609
durag activity (with Travis Scott),225020
Diamonds Dancing (feat. Travis Scott),242600
No Surprise (feat. Don Toliver & Bslime),225173
MAYDAY (feat. Sheck Wes & Young Thug),179533
Buss It (feat. Travis Scott),188962
GFU (feat. Yung Kayo),165173
Goosebumps - Remix,162802
JUS KNOW (feat. Travis Scott),261003
#BEENBALLIN,157387
Mystery Lady (feat. Don Toliver),228453
Rich One Day,92845
My City ft. Masego,190375
Lavish Lullaby,197360
Late Night (feat. Masego),161080
Stickin' (feat. Masego & VanJess),188805
Passport - シングル版,216066
Mercy Mercy Me,180000
Polygamy,112863
Navajo,194157
Well Traveled,166324
Nayhoo,171080
Judas (with JID & Ari Lennox feat. Chance The Rapper Buddy & Masego),189483
Sleigh (with Monte Booker & Masego),145945
Big Girls,188626
I Had A Vision,192000
Wide Open (feat. Ta-ku & Masego),243912
Bliss Abroad,191958
Wifeable (With Sax) feat. Xavier Omär,176751
Sides of Me,120180
One Life,175735
The debt-laden UK high street,568099
Woo Baby (feat. Chris Brown),156000
SUVs (Black on Black),157675
Angles (feat. Chris Brown),174315
NOT SOBER (feat. Polo G & Stunna Gambino),35280
NOT SOBER (feat. Polo G & Stunna Gambino),180721
Baddest (feat. Chris Brown & 2 Chainz),202247
late at night,174682
I Like Dat,215645
Tendme,2026
Haditouni,5631
Haditouni,202241
Music de Carnaval,310000
Ahl Jedba,233000
Quaboos,173624
Heik ha Nishtghil,273500
Zina,166500
Ya Aen Daly,214750
Badala Zamana,0
Badala Zamana,5443
Badala Zamana,184933
Ma'a Ibnat,172152
Casbah,205500
El Fen,279874
Reet,266500
Tendme,279250
Free Blow - Dub Version,93453
E93 - Take Flight Talks with Andrew Fairbairn | Chief Executive Officer SEO London,1361339
E93 - Take Flight Talks with Andrew Fairbairn | Chief Executive Officer SEO London,3793699
Casbah,205500
El Fen,59044
Tendme,1486
Reet,2252
Free Blow - Dub Version,275411
La loi du point final - Remasterisé,212506
The Force,245946
Brown Sugar,262893
Ms. Fat Booty,223546
Sozinho - Ao Vivo,190533
Let's Ride,246493
Le ghetto français,377826
Perfect World,156000
Xxplosive,215200
Find a Way,203066
Do It Now,229546
San Francisco Knights,271080
Free Blow - Dub Version,36168
Netseweth Sifassan Nagh,48853
Badala Zamana (Habibi Funk 015),190124
Rouhi Ya Hafida,242000
La Coladera,189124
Dansez le Raksi,392270
Écoute-moi camarade,370640
Ya rayah,36985
The debt-laden UK high street,6639
Financial technology start-ups in Africa,559281
Afghanistan’s President flees his country,527640
JU$T (feat. Pharrell Williams & Zack de la Rocha) - Toy Selectah Remix,240133
No Save Point - From "Cyberpunk 2077",61486
How will the Taliban 2.0 rule?,548037
How the Taliban took back Afghanistan,1462740
Haditouni,205874
Music de Carnaval,310000
Ahl Jedba,233000
Quaboos,173624
Heik ha Nishtghil,273500
Zina,166500
Ya Aen Daly,214750
Badala Zamana,190124
Ma'a Ibnat,172152
Casbah,205500
El Fen,279874
Reet,266500
Tendme,279250
Free Blow - Dub Version,311666
Really Love,344346
Be Here,228973
Ibtihaj,280386
Sweet Sticky Thing - Live At The Jazz Cafe London/1995,39760